<xml xmlns="http://www.w3.org/1999/xhtml">
  <tab name="Init" type="InitTab" active="false" scrollx="20.000000000000455" scrolly="0" scale="0.9"></tab>
  <tab name="main" type="CommonTab" active="false" scrollx="51.20989689981059" scrolly="29.77875761467766" scale="0.4886683880332325">
    <block xmlns="https://developers.google.com/blockly/xml" type="whenClicked" id="`m)OR#=1#{m3=%(I#tZ~" inline="false" x="-10" y="-170">
      <mutation xmlns="http://www.w3.org/1999/xhtml" adveventoptions="false" enableifmissed="false"></mutation>
      <field name="X_RAY">FALSE</field>
      <field name="DOUBLE_CLICK">FALSE</field>
      <field name="LEFT_BUTTON">TRUE</field>
      <field name="MIDDLE_BUTTON">TRUE</field>
      <field name="RIGHT_BUTTON">TRUE</field>
      <value name="VALUE">
        <shadow type="objectList" id="Fwb0K~/g(Weik-_BE[t[">
          <field name="FIELDNAME">black_sphere</field>
        </shadow>
      </value>
      <statement name="DO">
        <block type="assignMaterial" id="+)/#O,0[Oi(Mmm^pI{jy">
          <value name="VALUE2">
            <shadow type="materialList" id="s|De%Si_Zl9CgkSJ)8qs">
              <field name="FIELDNAME">black</field>
            </shadow>
          </value>
          <value name="VALUE1">
            <shadow type="objectList" id="O7a.aRuDuk%1WSCojWw4">
              <field name="FIELDNAME">table_legs</field>
            </shadow>
          </value>
        </block>
      </statement>
    </block>
    <block xmlns="https://developers.google.com/blockly/xml" type="whenClicked" id="W0~1}H`:B:XsaW[V*?oD" inline="false" x="-10" y="-50">
      <mutation xmlns="http://www.w3.org/1999/xhtml" adveventoptions="false" enableifmissed="false"></mutation>
      <field name="X_RAY">FALSE</field>
      <field name="DOUBLE_CLICK">FALSE</field>
      <field name="LEFT_BUTTON">TRUE</field>
      <field name="MIDDLE_BUTTON">TRUE</field>
      <field name="RIGHT_BUTTON">TRUE</field>
      <value name="VALUE">
        <shadow type="objectList" id=":c.B4-zHSiw(TdgKYb,w">
          <field name="FIELDNAME">black_sphere</field>
        </shadow>
      </value>
      <statement name="DO">
        <block type="assignMaterial" id="}$c`j`t7{ZN6XJ3r.S;z">
          <value name="VALUE2">
            <shadow type="materialList" id="~r@dJ%mH!U.w/u#?[CP3">
              <field name="FIELDNAME">black</field>
            </shadow>
          </value>
          <value name="VALUE1">
            <shadow type="objectList" id="nLZD07::Gz#(7cWuo,cK">
              <field name="FIELDNAME">drawer_1_handle</field>
            </shadow>
          </value>
        </block>
      </statement>
    </block>
    <block xmlns="https://developers.google.com/blockly/xml" type="whenClicked" id=".S.LDVxjJVt?wZ^4iC}:" inline="false" x="-10" y="90">
      <mutation xmlns="http://www.w3.org/1999/xhtml" adveventoptions="false" enableifmissed="false"></mutation>
      <field name="X_RAY">FALSE</field>
      <field name="DOUBLE_CLICK">FALSE</field>
      <field name="LEFT_BUTTON">TRUE</field>
      <field name="MIDDLE_BUTTON">TRUE</field>
      <field name="RIGHT_BUTTON">TRUE</field>
      <value name="VALUE">
        <shadow type="objectList" id="OBbghIx5_t{mm*kpjAsi">
          <field name="FIELDNAME">black_sphere</field>
        </shadow>
      </value>
      <statement name="DO">
        <block type="assignMaterial" id="J!FZLDgJB?l!Q]B]%DY~">
          <value name="VALUE2">
            <shadow type="materialList" id="fJVx:AY0GPK0z07[u8wW">
              <field name="FIELDNAME">black</field>
            </shadow>
          </value>
          <value name="VALUE1">
            <shadow type="objectList" id="aUCK^^F^O!h8kr5oItRH">
              <field name="FIELDNAME">drawer_2_handle</field>
            </shadow>
          </value>
        </block>
      </statement>
    </block>
    <block xmlns="https://developers.google.com/blockly/xml" type="whenClicked" id="7_/{!2Ht$0YG`mYqI{fz" inline="false" x="110" y="230">
      <mutation xmlns="http://www.w3.org/1999/xhtml" adveventoptions="false" enableifmissed="false"></mutation>
      <field name="X_RAY">FALSE</field>
      <field name="DOUBLE_CLICK">FALSE</field>
      <field name="LEFT_BUTTON">TRUE</field>
      <field name="MIDDLE_BUTTON">TRUE</field>
      <field name="RIGHT_BUTTON">TRUE</field>
      <value name="VALUE">
        <shadow type="objectList" id="C`NR5UeZ]h#{)E8HQpRX">
          <field name="FIELDNAME">white_sphere</field>
        </shadow>
      </value>
      <statement name="DO">
        <block type="assignMaterial" id="gO7naZm|B))f0-S7hqJJ">
          <value name="VALUE2">
            <shadow type="materialList" id="/P3y)X9uBD_@`io}q;Mn">
              <field name="FIELDNAME">white</field>
            </shadow>
          </value>
          <value name="VALUE1">
            <shadow type="objectList" id="!p)|gtE9Y^B]60HAZWNY">
              <field name="FIELDNAME">table_legs</field>
            </shadow>
          </value>
        </block>
      </statement>
    </block>
    <block xmlns="https://developers.google.com/blockly/xml" type="whenClicked" id="`r[IyIi{Yk~573`br:@R" inline="false" x="110" y="350">
      <mutation xmlns="http://www.w3.org/1999/xhtml" adveventoptions="false" enableifmissed="false"></mutation>
      <field name="X_RAY">FALSE</field>
      <field name="DOUBLE_CLICK">FALSE</field>
      <field name="LEFT_BUTTON">TRUE</field>
      <field name="MIDDLE_BUTTON">TRUE</field>
      <field name="RIGHT_BUTTON">TRUE</field>
      <value name="VALUE">
        <shadow type="objectList" id="}~NEzm0eUC{HEX9q.yoF">
          <field name="FIELDNAME">white_sphere</field>
        </shadow>
      </value>
      <statement name="DO">
        <block type="assignMaterial" id="5^E%Wp|95s2bVTvvyKez">
          <value name="VALUE2">
            <shadow type="materialList" id="TR182{TtyVh:^0R3$C$k">
              <field name="FIELDNAME">white</field>
            </shadow>
          </value>
          <value name="VALUE1">
            <shadow type="objectList" id="JW9V;P6uAi#ezgE:hs?f">
              <field name="FIELDNAME">drawer_1_handle</field>
            </shadow>
          </value>
        </block>
      </statement>
    </block>
    <block xmlns="https://developers.google.com/blockly/xml" type="whenClicked" id="aB0R|14|rXPVTvS/f?OR" inline="false" x="110" y="470">
      <mutation xmlns="http://www.w3.org/1999/xhtml" adveventoptions="false" enableifmissed="false"></mutation>
      <field name="X_RAY">FALSE</field>
      <field name="DOUBLE_CLICK">FALSE</field>
      <field name="LEFT_BUTTON">TRUE</field>
      <field name="MIDDLE_BUTTON">TRUE</field>
      <field name="RIGHT_BUTTON">TRUE</field>
      <value name="VALUE">
        <shadow type="objectList" id="bW_x40htVBA[Qa0*Qg)6">
          <field name="FIELDNAME">white_sphere</field>
        </shadow>
      </value>
      <statement name="DO">
        <block type="assignMaterial" id="Us~]LNjqO)3oFRJ$ksaf">
          <value name="VALUE2">
            <shadow type="materialList" id="En/U*PMMoGN)@OGas#~G">
              <field name="FIELDNAME">white</field>
            </shadow>
          </value>
          <value name="VALUE1">
            <shadow type="objectList" id="IF2KIv;~60Kg1|B5!H$u">
              <field name="FIELDNAME">drawer_2_handle</field>
            </shadow>
          </value>
        </block>
      </statement>
    </block>
    <block xmlns="https://developers.google.com/blockly/xml" type="whenClicked" id="XVo75kH/bzTAOmZG|@_o" inline="false" x="-10" y="590">
      <mutation xmlns="http://www.w3.org/1999/xhtml" adveventoptions="false" enableifmissed="false"></mutation>
      <field name="X_RAY">FALSE</field>
      <field name="DOUBLE_CLICK">FALSE</field>
      <field name="LEFT_BUTTON">TRUE</field>
      <field name="MIDDLE_BUTTON">TRUE</field>
      <field name="RIGHT_BUTTON">TRUE</field>
      <value name="VALUE">
        <shadow type="objectList" id="32]BCn@D_bY1g]eXKBCx">
          <field name="FIELDNAME">silver_sphee</field>
        </shadow>
      </value>
      <statement name="DO">
        <block type="assignMaterial" id="G2E/Ox^Iy7N-iJ|]m9Zv">
          <value name="VALUE2">
            <shadow type="materialList" id="W6w-cdq/bNVLnOoP6wUw">
              <field name="FIELDNAME">chrome</field>
            </shadow>
          </value>
          <value name="VALUE1">
            <shadow type="objectList" id="0YA:!t`y/[H=}oXstKsI">
              <field name="FIELDNAME">table_legs</field>
            </shadow>
          </value>
        </block>
      </statement>
    </block>
    <block xmlns="https://developers.google.com/blockly/xml" type="whenClicked" id="%ss2F[`Sm*T@(UOz|2_+" inline="false" x="-10" y="710">
      <mutation xmlns="http://www.w3.org/1999/xhtml" adveventoptions="false" enableifmissed="false"></mutation>
      <field name="X_RAY">FALSE</field>
      <field name="DOUBLE_CLICK">FALSE</field>
      <field name="LEFT_BUTTON">TRUE</field>
      <field name="MIDDLE_BUTTON">TRUE</field>
      <field name="RIGHT_BUTTON">TRUE</field>
      <value name="VALUE">
        <shadow type="objectList" id="^_#cIB%p{*?y7q/P_V`5">
          <field name="FIELDNAME">silver_sphee</field>
        </shadow>
      </value>
      <statement name="DO">
        <block type="assignMaterial" id="J9?,=cBcZP:BT;Kd3X(-">
          <value name="VALUE2">
            <shadow type="materialList" id="U!YlsfdA43Ph#?I-Niw0">
              <field name="FIELDNAME">chrome</field>
            </shadow>
          </value>
          <value name="VALUE1">
            <shadow type="objectList" id="@-~:-%Rd#e:oI^{iqfE?">
              <field name="FIELDNAME">drawer_1_handle</field>
            </shadow>
          </value>
        </block>
      </statement>
    </block>
    <block xmlns="https://developers.google.com/blockly/xml" type="whenClicked" id="MLSP5fTLm38BhHbAQ40{" inline="false" x="-10" y="830">
      <mutation xmlns="http://www.w3.org/1999/xhtml" adveventoptions="false" enableifmissed="false"></mutation>
      <field name="X_RAY">FALSE</field>
      <field name="DOUBLE_CLICK">FALSE</field>
      <field name="LEFT_BUTTON">TRUE</field>
      <field name="MIDDLE_BUTTON">TRUE</field>
      <field name="RIGHT_BUTTON">TRUE</field>
      <value name="VALUE">
        <shadow type="objectList" id="Ke?Rg#nZZTg0~514yB]b">
          <field name="FIELDNAME">silver_sphee</field>
        </shadow>
      </value>
      <statement name="DO">
        <block type="assignMaterial" id="A~N.eI,SM`0|z(KX/LxH">
          <value name="VALUE2">
            <shadow type="materialList" id="+LI{*Pd?{;ICpeh(.:A%">
              <field name="FIELDNAME">chrome</field>
            </shadow>
          </value>
          <value name="VALUE1">
            <shadow type="objectList" id="59R!K(z*;.,PzlN[!lmw">
              <field name="FIELDNAME">drawer_2_handle</field>
            </shadow>
          </value>
        </block>
      </statement>
    </block>
    <block xmlns="https://developers.google.com/blockly/xml" type="whenClicked" id="n%:DAM5l0UZ.yAzyvt|t" inline="false" x="110" y="970">
      <mutation xmlns="http://www.w3.org/1999/xhtml" adveventoptions="false" enableifmissed="false"></mutation>
      <field name="X_RAY">FALSE</field>
      <field name="DOUBLE_CLICK">FALSE</field>
      <field name="LEFT_BUTTON">TRUE</field>
      <field name="MIDDLE_BUTTON">TRUE</field>
      <field name="RIGHT_BUTTON">TRUE</field>
      <value name="VALUE">
        <shadow type="objectList" id="(AZ+!/eeM6D(?+Q]P?%*">
          <field name="FIELDNAME">Slab01</field>
        </shadow>
      </value>
      <statement name="DO">
        <block type="replaceTexture" id="QGa]/G%}Jfn4}{vqMfez">
          <mutation xmlns="http://www.w3.org/1999/xhtml" enabledoslot="false" flextexinput="false"></mutation>
          <field name="OLD_TEX_NAME">wood</field>
          <value name="MATERIAL">
            <shadow type="materialList" id="kR]]*X|x%e#nv3do$U0G">
              <field name="FIELDNAME">wood_material_00</field>
            </shadow>
          </value>
          <value name="NEW_TEX_URL">
            <shadow type="text" id="AnT(/`QNS9yOL_M}9TbG">
              <field name="TEXT">./wood_basecolor_1.jpg</field>
            </shadow>
          </value>
        </block>
      </statement>
    </block>
    <block xmlns="https://developers.google.com/blockly/xml" type="whenClicked" id="kk#yh*aU[b?TRV]l/oZ5" inline="false" x="110" y="1110">
      <mutation xmlns="http://www.w3.org/1999/xhtml" adveventoptions="false" enableifmissed="false"></mutation>
      <field name="X_RAY">FALSE</field>
      <field name="DOUBLE_CLICK">FALSE</field>
      <field name="LEFT_BUTTON">TRUE</field>
      <field name="MIDDLE_BUTTON">TRUE</field>
      <field name="RIGHT_BUTTON">TRUE</field>
      <value name="VALUE">
        <shadow type="objectList" id="Ge.aX/FNgYQt?pXo1Jqi">
          <field name="FIELDNAME">Slab02</field>
        </shadow>
      </value>
      <statement name="DO">
        <block type="replaceTexture" id=".1i%,bnRNKAcC,TdpeJ!">
          <mutation xmlns="http://www.w3.org/1999/xhtml" enabledoslot="false" flextexinput="false"></mutation>
          <field name="OLD_TEX_NAME">wood</field>
          <value name="MATERIAL">
            <shadow type="materialList" id="7GKKf[V~xo`j!KS`gBDb">
              <field name="FIELDNAME">wood_material_00</field>
            </shadow>
          </value>
          <value name="NEW_TEX_URL">
            <shadow type="text" id="7oqW-%9-$D+tKRoTrzxe">
              <field name="TEXT">./wood_basecolor_2.jpg</field>
            </shadow>
          </value>
        </block>
      </statement>
    </block>
    <block xmlns="https://developers.google.com/blockly/xml" type="whenClicked" id="y#!u@oc.E3.3txX)P7_g" inline="false" x="110" y="1250">
      <mutation xmlns="http://www.w3.org/1999/xhtml" adveventoptions="false" enableifmissed="false"></mutation>
      <field name="X_RAY">FALSE</field>
      <field name="DOUBLE_CLICK">FALSE</field>
      <field name="LEFT_BUTTON">TRUE</field>
      <field name="MIDDLE_BUTTON">TRUE</field>
      <field name="RIGHT_BUTTON">TRUE</field>
      <value name="VALUE">
        <shadow type="objectList" id="k[V!wM4H[@d5!!eWFT=o">
          <field name="FIELDNAME">Slab03</field>
        </shadow>
      </value>
      <statement name="DO">
        <block type="replaceTexture" id="m;O;=r-/.hWc^_q_mP=t">
          <mutation xmlns="http://www.w3.org/1999/xhtml" enabledoslot="false" flextexinput="false"></mutation>
          <field name="OLD_TEX_NAME">wood</field>
          <value name="MATERIAL">
            <shadow type="materialList" id="ZhwGNJ+gC^5?UN1/L/V0">
              <field name="FIELDNAME">wood_material_00</field>
            </shadow>
          </value>
          <value name="NEW_TEX_URL">
            <shadow type="text" id=")R]#P3|ge7w[lY-k[.[O">
              <field name="TEXT">./wood_basecolor_3.jpg</field>
            </shadow>
          </value>
        </block>
      </statement>
    </block>
  </tab>
  <tab name="animation" type="CommonTab" active="true" scrollx="-47.73343467712402" scrolly="22.77222442626953" scale="0.9070294784580498">
    <block xmlns="https://developers.google.com/blockly/xml" type="whenClicked" id="iz_$@~pSahTu^-)nZl|;" inline="false" x="70" y="50">
      <mutation xmlns="http://www.w3.org/1999/xhtml" adveventoptions="false" enableifmissed="false"></mutation>
      <field name="X_RAY">FALSE</field>
      <field name="DOUBLE_CLICK">FALSE</field>
      <field name="LEFT_BUTTON">TRUE</field>
      <field name="MIDDLE_BUTTON">TRUE</field>
      <field name="RIGHT_BUTTON">TRUE</field>
      <value name="VALUE">
        <shadow type="objectList" id="e9gg?PfYF*7Xqjn]o_%X">
          <field name="FIELDNAME">drawer_2</field>
        </shadow>
      </value>
      <statement name="DO">
        <block type="playAnimationAdv" id="t^doT5b8W[[pr*.u9;4k">
          <mutation xmlns="http://www.w3.org/1999/xhtml" advplaybackoptions="false" enablewhenfinished="false"></mutation>
          <field name="REVERSED">FALSE</field>
          <field name="LOOP">LoopOnce</field>
          <value name="VALUE">
            <shadow type="animationList" id=")C0E{T)|A=dsN.=}vgL^">
              <field name="FIELDNAME">drawer_2</field>
            </shadow>
          </value>
        </block>
      </statement>
    </block>
    <block xmlns="https://developers.google.com/blockly/xml" type="whenClicked" id="RdFl@k=}44*tC`r}zCQ3" inline="false" x="70" y="170">
      <mutation xmlns="http://www.w3.org/1999/xhtml" adveventoptions="false" enableifmissed="false"></mutation>
      <field name="X_RAY">FALSE</field>
      <field name="DOUBLE_CLICK">FALSE</field>
      <field name="LEFT_BUTTON">TRUE</field>
      <field name="MIDDLE_BUTTON">TRUE</field>
      <field name="RIGHT_BUTTON">TRUE</field>
      <value name="VALUE">
        <shadow type="objectList" id="/Rc(x@X:9jcp,HyB|FT6">
          <field name="FIELDNAME">drawer_2_handle</field>
        </shadow>
      </value>
      <statement name="DO">
        <block type="playAnimationAdv" id="n[B1:uP={1Z_J)%;t=Az">
          <mutation xmlns="http://www.w3.org/1999/xhtml" advplaybackoptions="false" enablewhenfinished="false"></mutation>
          <field name="REVERSED">FALSE</field>
          <field name="LOOP">LoopOnce</field>
          <value name="VALUE">
            <shadow type="animationList" id="k|O$#7f*Y)}dvFik#2B3">
              <field name="FIELDNAME">drawer_2_handle</field>
            </shadow>
          </value>
        </block>
      </statement>
    </block>
  </tab>
  <editorsettings viewport-x="745.2" viewport-y="37" viewport-w="508.8" viewport-h="320.5" viewport-hidden="false" toolbox-library-mode="false" toolbox-minimized-mode="false"></editorsettings>
</xml>